-- ============================================================
-- StayEg PG Management — Complete Database Setup
-- ============================================================
-- Run this SQL in your Supabase Dashboard → SQL Editor
-- https://supabase.com/dashboard/project/rgkbkdxfekslaygvjngm/sql
-- ============================================================

-- Enable UUID extension
CREATE EXTENSION IF NOT EXISTS "uuid-ossp";

-- ============================================================
-- 1. USERS TABLE
-- ============================================================
CREATE TABLE IF NOT EXISTS users (
  id UUID PRIMARY KEY DEFAULT uuid_generate_v4(),
  name TEXT NOT NULL,
  email TEXT UNIQUE NOT NULL,
  phone TEXT,
  role TEXT NOT NULL DEFAULT 'TENANT' CHECK (role IN ('TENANT', 'OWNER', 'ADMIN', 'VENDOR')),
  avatar TEXT,
  gender TEXT CHECK (gender IN ('MALE', 'FEMALE', 'OTHER')),
  is_verified BOOLEAN NOT NULL DEFAULT false,
  is_approved BOOLEAN NOT NULL DEFAULT false,
  rejection_reason TEXT,
  kyc_doc TEXT,
  password_hash TEXT,
  bio TEXT,
  city TEXT,
  occupation TEXT,
  created_at TIMESTAMPTZ NOT NULL DEFAULT NOW(),
  updated_at TIMESTAMPTZ NOT NULL DEFAULT NOW()
);

-- ============================================================
-- 2. PGs TABLE
-- ============================================================
CREATE TABLE IF NOT EXISTS pgs (
  id UUID PRIMARY KEY DEFAULT uuid_generate_v4(),
  name TEXT NOT NULL,
  owner_id UUID REFERENCES users(id) ON DELETE SET NULL,
  description TEXT,
  address TEXT NOT NULL,
  city TEXT NOT NULL DEFAULT 'Bangalore',
  lat DOUBLE PRECISION,
  lng DOUBLE PRECISION,
  gender TEXT NOT NULL DEFAULT 'UNISEX' CHECK (gender IN ('MALE', 'FEMALE', 'UNISEX')),
  price DOUBLE PRECISION NOT NULL DEFAULT 0,
  security_deposit DOUBLE PRECISION NOT NULL DEFAULT 0,
  amenities TEXT NOT NULL DEFAULT '',
  images TEXT NOT NULL DEFAULT '',
  rating DOUBLE PRECISION NOT NULL DEFAULT 4.0,
  total_reviews INTEGER NOT NULL DEFAULT 0,
  status TEXT NOT NULL DEFAULT 'PENDING' CHECK (status IN ('PENDING', 'APPROVED', 'REJECTED')),
  is_verified BOOLEAN NOT NULL DEFAULT false,
  created_at TIMESTAMPTZ NOT NULL DEFAULT NOW(),
  updated_at TIMESTAMPTZ NOT NULL DEFAULT NOW()
);

-- ============================================================
-- 3. ROOMS TABLE
-- ============================================================
CREATE TABLE IF NOT EXISTS rooms (
  id UUID PRIMARY KEY DEFAULT uuid_generate_v4(),
  pg_id UUID NOT NULL REFERENCES pgs(id) ON DELETE CASCADE,
  room_code TEXT NOT NULL,
  room_type TEXT NOT NULL DEFAULT 'SHARED' CHECK (room_type IN ('SINGLE', 'DOUBLE', 'TRIPLE', 'DORMITORY', 'SHARED')),
  floor INTEGER NOT NULL DEFAULT 1,
  has_ac BOOLEAN NOT NULL DEFAULT false,
  has_attached_bath BOOLEAN NOT NULL DEFAULT false,
  created_at TIMESTAMPTZ NOT NULL DEFAULT NOW(),
  updated_at TIMESTAMPTZ NOT NULL DEFAULT NOW()
);

-- ============================================================
-- 4. BEDS TABLE
-- ============================================================
CREATE TABLE IF NOT EXISTS beds (
  id UUID PRIMARY KEY DEFAULT uuid_generate_v4(),
  room_id UUID NOT NULL REFERENCES rooms(id) ON DELETE CASCADE,
  bed_number INTEGER NOT NULL,
  status TEXT NOT NULL DEFAULT 'AVAILABLE' CHECK (status IN ('AVAILABLE', 'OCCUPIED', 'MAINTENANCE', 'RESERVED')),
  price DOUBLE PRECISION,
  created_at TIMESTAMPTZ NOT NULL DEFAULT NOW(),
  updated_at TIMESTAMPTZ NOT NULL DEFAULT NOW()
);

-- ============================================================
-- 5. BOOKINGS TABLE
-- ============================================================
CREATE TABLE IF NOT EXISTS bookings (
  id UUID PRIMARY KEY DEFAULT uuid_generate_v4(),
  user_id UUID REFERENCES users(id) ON DELETE SET NULL,
  pg_id UUID REFERENCES pgs(id) ON DELETE SET NULL,
  bed_id UUID REFERENCES beds(id) ON DELETE SET NULL,
  check_in_date TIMESTAMPTZ,
  check_out_date TIMESTAMPTZ,
  status TEXT NOT NULL DEFAULT 'PENDING' CHECK (status IN ('PENDING', 'CONFIRMED', 'ACTIVE', 'COMPLETED', 'CANCELLED')),
  advance_paid DOUBLE PRECISION NOT NULL DEFAULT 0,
  notes TEXT,
  created_at TIMESTAMPTZ NOT NULL DEFAULT NOW(),
  updated_at TIMESTAMPTZ NOT NULL DEFAULT NOW()
);

-- ============================================================
-- 6. PAYMENTS TABLE
-- ============================================================
CREATE TABLE IF NOT EXISTS payments (
  id UUID PRIMARY KEY DEFAULT uuid_generate_v4(),
  user_id UUID REFERENCES users(id) ON DELETE SET NULL,
  pg_id UUID REFERENCES pgs(id) ON DELETE SET NULL,
  booking_id UUID REFERENCES bookings(id) ON DELETE SET NULL,
  amount DOUBLE PRECISION NOT NULL,
  type TEXT NOT NULL DEFAULT 'RENT' CHECK (type IN ('RENT', 'ADVANCE', 'SECURITY_DEPOSIT', 'DEPOSIT', 'MAINTENANCE', 'PENALTY', 'REFUND')),
  status TEXT NOT NULL DEFAULT 'PENDING' CHECK (status IN ('PENDING', 'COMPLETED', 'FAILED', 'REFUNDED')),
  due_date TIMESTAMPTZ,
  paid_date TIMESTAMPTZ,
  method TEXT,
  notes TEXT,
  created_at TIMESTAMPTZ NOT NULL DEFAULT NOW(),
  updated_at TIMESTAMPTZ NOT NULL DEFAULT NOW()
);

-- ============================================================
-- 7. COMPLAINTS TABLE
-- ============================================================
CREATE TABLE IF NOT EXISTS complaints (
  id UUID PRIMARY KEY DEFAULT uuid_generate_v4(),
  user_id UUID NOT NULL REFERENCES users(id) ON DELETE SET NULL,
  pg_id UUID NOT NULL REFERENCES pgs(id) ON DELETE SET NULL,
  title TEXT NOT NULL,
  description TEXT,
  category TEXT NOT NULL DEFAULT 'GENERAL' CHECK (category IN ('MAINTENANCE', 'CLEANLINESS', 'NOISE', 'SAFETY', 'FOOD', 'GENERAL', 'OTHER')),
  priority TEXT NOT NULL DEFAULT 'MEDIUM' CHECK (priority IN ('LOW', 'MEDIUM', 'HIGH', 'URGENT')),
  status TEXT NOT NULL DEFAULT 'OPEN' CHECK (status IN ('OPEN', 'IN_PROGRESS', 'RESOLVED', 'CLOSED')),
  assigned_to TEXT,
  resolution TEXT,
  created_at TIMESTAMPTZ NOT NULL DEFAULT NOW(),
  updated_at TIMESTAMPTZ NOT NULL DEFAULT NOW()
);

-- ============================================================
-- 8. VENDORS TABLE
-- ============================================================
CREATE TABLE IF NOT EXISTS vendors (
  id UUID PRIMARY KEY DEFAULT uuid_generate_v4(),
  name TEXT NOT NULL,
  type TEXT NOT NULL CHECK (type IN ('PLUMBER', 'ELECTRICIAN', 'CLEANER', 'PAINTER', 'CARPENTER', 'WIFI', 'GENERAL')),
  phone TEXT NOT NULL,
  email TEXT,
  city TEXT NOT NULL DEFAULT 'Bangalore',
  area TEXT,
  rating DOUBLE PRECISION NOT NULL DEFAULT 4.0,
  status TEXT NOT NULL DEFAULT 'ACTIVE' CHECK (status IN ('ACTIVE', 'INACTIVE')),
  created_at TIMESTAMPTZ NOT NULL DEFAULT NOW(),
  updated_at TIMESTAMPTZ NOT NULL DEFAULT NOW()
);

-- ============================================================
-- 9. WORKERS TABLE
-- ============================================================
CREATE TABLE IF NOT EXISTS workers (
  id UUID PRIMARY KEY DEFAULT uuid_generate_v4(),
  name TEXT NOT NULL,
  role TEXT NOT NULL CHECK (role IN ('SECURITY', 'CLEANER', 'COOK', 'MANAGER', 'MAINTENANCE')),
  phone TEXT NOT NULL,
  pg_id UUID REFERENCES pgs(id) ON DELETE SET NULL,
  shift TEXT CHECK (shift IN ('MORNING', 'EVENING', 'NIGHT')),
  status TEXT NOT NULL DEFAULT 'ACTIVE' CHECK (status IN ('ACTIVE', 'INACTIVE')),
  created_at TIMESTAMPTZ NOT NULL DEFAULT NOW(),
  updated_at TIMESTAMPTZ NOT NULL DEFAULT NOW()
);

-- ============================================================
-- 10. TENANT NOTES TABLE
-- ============================================================
CREATE TABLE IF NOT EXISTS tenant_notes (
  id UUID PRIMARY KEY DEFAULT uuid_generate_v4(),
  owner_id UUID NOT NULL REFERENCES users(id) ON DELETE CASCADE,
  tenant_id UUID NOT NULL REFERENCES users(id) ON DELETE CASCADE,
  booking_id UUID REFERENCES bookings(id) ON DELETE SET NULL,
  pg_id UUID NOT NULL REFERENCES pgs(id) ON DELETE CASCADE,
  note TEXT NOT NULL,
  created_at TIMESTAMPTZ NOT NULL DEFAULT NOW(),
  updated_at TIMESTAMPTZ NOT NULL DEFAULT NOW()
);

-- ============================================================
-- 11. ACTIVITY LOG TABLE
-- ============================================================
CREATE TABLE IF NOT EXISTS activity_log (
  id UUID PRIMARY KEY DEFAULT uuid_generate_v4(),
  owner_id UUID NOT NULL REFERENCES users(id) ON DELETE CASCADE,
  pg_id UUID REFERENCES pgs(id) ON DELETE SET NULL,
  action TEXT NOT NULL,
  details TEXT,
  entity_type TEXT,
  entity_id TEXT,
  created_at TIMESTAMPTZ NOT NULL DEFAULT NOW()
);

-- ============================================================
-- INDEXES
-- ============================================================
CREATE INDEX IF NOT EXISTS idx_users_email ON users(email);
CREATE INDEX IF NOT EXISTS idx_users_role ON users(role);
CREATE INDEX IF NOT EXISTS idx_users_role_approved ON users(role, is_approved);
CREATE INDEX IF NOT EXISTS idx_pgs_owner ON pgs(owner_id);
CREATE INDEX IF NOT EXISTS idx_pgs_city ON pgs(city);
CREATE INDEX IF NOT EXISTS idx_pgs_gender ON pgs(gender);
CREATE INDEX IF NOT EXISTS idx_pgs_status ON pgs(status);
CREATE INDEX IF NOT EXISTS idx_pgs_price ON pgs(price);
CREATE INDEX IF NOT EXISTS idx_rooms_pg ON rooms(pg_id);
CREATE UNIQUE INDEX IF NOT EXISTS idx_rooms_pg_code ON rooms(pg_id, room_code);
CREATE INDEX IF NOT EXISTS idx_beds_room ON beds(room_id);
CREATE INDEX IF NOT EXISTS idx_beds_status ON beds(status);
CREATE UNIQUE INDEX IF NOT EXISTS idx_beds_room_num ON beds(room_id, bed_number);
CREATE INDEX IF NOT EXISTS idx_bookings_user ON bookings(user_id);
CREATE INDEX IF NOT EXISTS idx_bookings_pg ON bookings(pg_id);
CREATE INDEX IF NOT EXISTS idx_bookings_bed ON bookings(bed_id);
CREATE INDEX IF NOT EXISTS idx_bookings_status ON bookings(status);
CREATE INDEX IF NOT EXISTS idx_payments_user ON payments(user_id);
CREATE INDEX IF NOT EXISTS idx_payments_pg ON payments(pg_id);
CREATE INDEX IF NOT EXISTS idx_payments_booking ON payments(booking_id);
CREATE INDEX IF NOT EXISTS idx_payments_status ON payments(status);
CREATE INDEX IF NOT EXISTS idx_payments_due ON payments(due_date);
CREATE INDEX IF NOT EXISTS idx_complaints_user ON complaints(user_id);
CREATE INDEX IF NOT EXISTS idx_complaints_pg ON complaints(pg_id);
CREATE INDEX IF NOT EXISTS idx_complaints_status ON complaints(status);
CREATE INDEX IF NOT EXISTS idx_complaints_priority ON complaints(priority);
CREATE INDEX IF NOT EXISTS idx_vendors_type ON vendors(type);
CREATE INDEX IF NOT EXISTS idx_vendors_city ON vendors(city);
CREATE INDEX IF NOT EXISTS idx_workers_pg ON workers(pg_id);
CREATE INDEX IF NOT EXISTS idx_workers_role ON workers(role);
CREATE INDEX IF NOT EXISTS idx_tenant_notes_owner ON tenant_notes(owner_id);
CREATE INDEX IF NOT EXISTS idx_tenant_notes_tenant ON tenant_notes(tenant_id);
CREATE INDEX IF NOT EXISTS idx_activity_log_owner ON activity_log(owner_id);

-- ============================================================
-- ROW LEVEL SECURITY (Permissive for MVP)
-- ============================================================
ALTER TABLE users ENABLE ROW LEVEL SECURITY;
ALTER TABLE pgs ENABLE ROW LEVEL SECURITY;
ALTER TABLE rooms ENABLE ROW LEVEL SECURITY;
ALTER TABLE beds ENABLE ROW LEVEL SECURITY;
ALTER TABLE bookings ENABLE ROW LEVEL SECURITY;
ALTER TABLE payments ENABLE ROW LEVEL SECURITY;
ALTER TABLE complaints ENABLE ROW LEVEL SECURITY;
ALTER TABLE vendors ENABLE ROW LEVEL SECURITY;
ALTER TABLE workers ENABLE ROW LEVEL SECURITY;
ALTER TABLE tenant_notes ENABLE ROW LEVEL SECURITY;
ALTER TABLE activity_log ENABLE ROW LEVEL SECURITY;

DO $$ BEGIN CREATE POLICY "all_users" ON users FOR ALL USING (true) WITH CHECK (true); EXCEPTION WHEN duplicate_object THEN NULL; END $$;
DO $$ BEGIN CREATE POLICY "all_pgs" ON pgs FOR ALL USING (true) WITH CHECK (true); EXCEPTION WHEN duplicate_object THEN NULL; END $$;
DO $$ BEGIN CREATE POLICY "all_rooms" ON rooms FOR ALL USING (true) WITH CHECK (true); EXCEPTION WHEN duplicate_object THEN NULL; END $$;
DO $$ BEGIN CREATE POLICY "all_beds" ON beds FOR ALL USING (true) WITH CHECK (true); EXCEPTION WHEN duplicate_object THEN NULL; END $$;
DO $$ BEGIN CREATE POLICY "all_bookings" ON bookings FOR ALL USING (true) WITH CHECK (true); EXCEPTION WHEN duplicate_object THEN NULL; END $$;
DO $$ BEGIN CREATE POLICY "all_payments" ON payments FOR ALL USING (true) WITH CHECK (true); EXCEPTION WHEN duplicate_object THEN NULL; END $$;
DO $$ BEGIN CREATE POLICY "all_complaints" ON complaints FOR ALL USING (true) WITH CHECK (true); EXCEPTION WHEN duplicate_object THEN NULL; END $$;
DO $$ BEGIN CREATE POLICY "all_vendors" ON vendors FOR ALL USING (true) WITH CHECK (true); EXCEPTION WHEN duplicate_object THEN NULL; END $$;
DO $$ BEGIN CREATE POLICY "all_workers" ON workers FOR ALL USING (true) WITH CHECK (true); EXCEPTION WHEN duplicate_object THEN NULL; END $$;
DO $$ BEGIN CREATE POLICY "all_tenant_notes" ON tenant_notes FOR ALL USING (true) WITH CHECK (true); EXCEPTION WHEN duplicate_object THEN NULL; END $$;
DO $$ BEGIN CREATE POLICY "all_activity_log" ON activity_log FOR ALL USING (true) WITH CHECK (true); EXCEPTION WHEN duplicate_object THEN NULL; END $$;

-- ============================================================
-- AUTO-UPDATE TRIGGER FOR updated_at
-- ============================================================
CREATE OR REPLACE FUNCTION update_updated_at_column()
RETURNS TRIGGER AS $$
BEGIN NEW.updated_at = NOW(); RETURN NEW; END;
$$ LANGUAGE plpgsql;

DO $$ BEGIN CREATE TRIGGER tr_users_uat BEFORE UPDATE ON users FOR EACH ROW EXECUTE FUNCTION update_updated_at_column(); EXCEPTION WHEN duplicate_object THEN NULL; END $$;
DO $$ BEGIN CREATE TRIGGER tr_pgs_uat BEFORE UPDATE ON pgs FOR EACH ROW EXECUTE FUNCTION update_updated_at_column(); EXCEPTION WHEN duplicate_object THEN NULL; END $$;
DO $$ BEGIN CREATE TRIGGER tr_rooms_uat BEFORE UPDATE ON rooms FOR EACH ROW EXECUTE FUNCTION update_updated_at_column(); EXCEPTION WHEN duplicate_object THEN NULL; END $$;
DO $$ BEGIN CREATE TRIGGER tr_beds_uat BEFORE UPDATE ON beds FOR EACH ROW EXECUTE FUNCTION update_updated_at_column(); EXCEPTION WHEN duplicate_object THEN NULL; END $$;
DO $$ BEGIN CREATE TRIGGER tr_bookings_uat BEFORE UPDATE ON bookings FOR EACH ROW EXECUTE FUNCTION update_updated_at_column(); EXCEPTION WHEN duplicate_object THEN NULL; END $$;
DO $$ BEGIN CREATE TRIGGER tr_payments_uat BEFORE UPDATE ON payments FOR EACH ROW EXECUTE FUNCTION update_updated_at_column(); EXCEPTION WHEN duplicate_object THEN NULL; END $$;
DO $$ BEGIN CREATE TRIGGER tr_complaints_uat BEFORE UPDATE ON complaints FOR EACH ROW EXECUTE FUNCTION update_updated_at_column(); EXCEPTION WHEN duplicate_object THEN NULL; END $$;
DO $$ BEGIN CREATE TRIGGER tr_vendors_uat BEFORE UPDATE ON vendors FOR EACH ROW EXECUTE FUNCTION update_updated_at_column(); EXCEPTION WHEN duplicate_object THEN NULL; END $$;
DO $$ BEGIN CREATE TRIGGER tr_workers_uat BEFORE UPDATE ON workers FOR EACH ROW EXECUTE FUNCTION update_updated_at_column(); EXCEPTION WHEN duplicate_object THEN NULL; END $$;
DO $$ BEGIN CREATE TRIGGER tr_tenant_notes_uat BEFORE UPDATE ON tenant_notes FOR EACH ROW EXECUTE FUNCTION update_updated_at_column(); EXCEPTION WHEN duplicate_object THEN NULL; END $$;

-- ============================================================
-- SEED DATA
-- ============================================================
TRUNCATE activity_log, tenant_notes, payments, bookings, complaints, beds, rooms, workers, vendors, pgs, users CASCADE;

-- Users
INSERT INTO users (id, name, email, phone, role, gender, is_verified, is_approved, avatar, bio, city, occupation) VALUES
('00000000-0001-4000-8000-000000000001', 'Rajesh Kumar', 'rajesh@stayeg.in', '+919876543210', 'OWNER', 'MALE', true, true, 'https://api.dicebear.com/9.x/avataaars/svg?seed=Rajesh', 'Experienced PG owner managing premium accommodations in Bengaluru.', 'Bangalore', 'Property Manager'),
('00000000-0001-4000-8000-000000000002', 'Priya Sharma', 'priya@stayeg.in', '+919876543211', 'OWNER', 'FEMALE', true, true, 'https://api.dicebear.com/9.x/avataaars/svg?seed=Priya', 'Managing 2 PGs in Bengaluru.', 'Bangalore', 'Property Manager'),
('00000000-0001-4000-8000-000000000003', 'Amit Patel', 'amit@stayeg.in', '+919876543212', 'OWNER', 'MALE', true, true, 'https://api.dicebear.com/9.x/avataaars/svg?seed=Amit', 'Tech turned PG entrepreneur.', 'Bangalore', 'Property Manager'),
('00000000-0002-4000-8000-000000000001', 'Vikram Singh', 'vikram@email.com', '+919123456789', 'TENANT', 'MALE', true, true, 'https://api.dicebear.com/9.x/avataaars/svg?seed=Vikram', NULL, 'Bangalore', 'Software Engineer'),
('00000000-0002-4000-8000-000000000002', 'Ananya Reddy', 'ananya@email.com', '+919123456790', 'TENANT', 'FEMALE', true, true, 'https://api.dicebear.com/9.x/avataaars/svg?seed=Ananya', NULL, 'Bangalore', 'Data Analyst'),
('00000000-0002-4000-8000-000000000003', 'Rohan Mehta', 'rohan@email.com', '+919123456791', 'TENANT', 'MALE', true, true, 'https://api.dicebear.com/9.x/avataaars/svg?seed=Rohan', NULL, 'Bangalore', 'MBA Student'),
('00000000-0002-4000-8000-000000000004', 'Sneha Joshi', 'sneha@email.com', '+919123456792', 'TENANT', 'FEMALE', true, true, 'https://api.dicebear.com/9.x/avataaars/svg?seed=Sneha', NULL, 'Bangalore', 'UX Designer'),
('00000000-0002-4000-8000-000000000005', 'Karthik Nair', 'karthik@email.com', '+919123456793', 'TENANT', 'MALE', true, true, 'https://api.dicebear.com/9.x/avataaars/svg?seed=Karthik', NULL, 'Bangalore', 'IT Consultant'),
('00000000-0002-4000-8000-000000000006', 'Divya Gupta', 'divya@email.com', '+919123456794', 'TENANT', 'FEMALE', true, true, 'https://api.dicebear.com/9.x/avataaars/svg?seed=Divya', NULL, 'Bangalore', 'Content Writer'),
('00000000-0003-4000-8000-000000000001', 'Admin User', 'admin@stayeg.in', '+919999999999', 'ADMIN', 'MALE', true, true, 'https://api.dicebear.com/9.x/avataaars/svg?seed=Admin', 'StayEg platform administrator.', 'Bangalore', 'Administrator');

-- PGs
INSERT INTO pgs (id, name, owner_id, description, address, city, lat, lng, gender, price, security_deposit, amenities, images, rating, total_reviews, status, is_verified) VALUES
('10000000-0001-4000-8000-000000000001', 'Sunrise PG - Koramangala', '00000000-0001-4000-8000-000000000001', 'Premium PG in Koramangala with modern amenities.', '123, 4th Cross, Koramangala 4th Block', 'Bangalore', 12.9352, 77.6245, 'UNISEX', 12000, 24000, 'wifi,ac,food,laundry,parking,cctv,power_backup,water_heater,study_table,housekeeping', 'https://images.unsplash.com/photo-1522771739844-6a9f6d5f14af?w=600&h=400&fit=crop', 4.5, 128, 'APPROVED', true),
('10000000-0001-4000-8000-000000000002', 'Green Valley PG - HSR Layout', '00000000-0001-4000-8000-000000000001', 'Peaceful PG with homely food.', '45, 27th Main, HSR Layout Sector 2', 'Bangalore', 12.9116, 77.6389, 'MALE', 8500, 17000, 'wifi,food,laundry,cctv,power_backup,study_table,common_room,tv', 'https://images.unsplash.com/photo-1505693416388-ac5ce068fe85?w=600&h=400&fit=crop', 4.2, 89, 'APPROVED', true),
('10000000-0001-4000-8000-000000000003', 'Ladies Paradise PG - Indiranagar', '00000000-0001-4000-8000-000000000002', 'Safe PG for women in Indiranagar.', '78, 100 Feet Road, Indiranagar', 'Bangalore', 12.9784, 77.6408, 'FEMALE', 14000, 28000, 'wifi,ac,food,laundry,cctv,power_backup,water_heater,wardrobe,housekeeping,gym', 'https://images.unsplash.com/photo-1554995207-c18c203602cb?w=600&h=400&fit=crop', 4.8, 156, 'APPROVED', true),
('10000000-0001-4000-8000-000000000004', 'Tech Hub PG - Whitefield', '00000000-0001-4000-8000-000000000002', 'Modern co-living near ITPL.', '56, ITPL Main Road, Whitefield', 'Bangalore', 12.9698, 77.75, 'UNISEX', 11000, 22000, 'wifi,ac,food,laundry,parking,gym,cctv,power_backup,common_room,tv', 'https://images.unsplash.com/photo-1560185127-6ed189bf02f4?w=600&h=400&fit=crop', 4.3, 95, 'APPROVED', true),
('10000000-0001-4000-8000-000000000005', 'Budget Bliss PG - Marathahalli', '00000000-0001-4000-8000-000000000003', 'Affordable PG with basic amenities.', '23, Marathahalli Main Road', 'Bangalore', 12.9591, 77.6974, 'MALE', 6500, 13000, 'wifi,food,laundry,power_backup,study_table', 'https://images.unsplash.com/photo-1555854877-bab0e564b8d5?w=600&h=400&fit=crop', 3.9, 67, 'APPROVED', true),
('10000000-0001-4000-8000-000000000006', 'Royal Residency PG - Electronic City', '00000000-0001-4000-8000-000000000003', 'Premium gated PG community.', '89, Phase 1, Electronic City', 'Bangalore', 12.844, 77.673, 'UNISEX', 15000, 30000, 'wifi,ac,food,laundry,parking,gym,cctv,power_backup,water_heater,study_table,wardrobe,housekeeping', 'https://images.unsplash.com/photo-1578683010236-d716f9a3f461?w=600&h=400&fit=crop', 4.7, 210, 'APPROVED', true);

-- Rooms
INSERT INTO rooms (id, pg_id, room_code, room_type, floor, has_ac, has_attached_bath) VALUES
('20000000-0001-4000-8000-000000000001', '10000000-0001-4000-8000-000000000001', 'A101', 'DOUBLE', 1, true, true),
('20000000-0001-4000-8000-000000000002', '10000000-0001-4000-8000-000000000001', 'A102', 'DOUBLE', 1, true, true),
('20000000-0001-4000-8000-000000000003', '10000000-0001-4000-8000-000000000001', 'A201', 'TRIPLE', 2, false, false),
('20000000-0001-4000-8000-000000000004', '10000000-0001-4000-8000-000000000001', 'A202', 'SINGLE', 2, true, true),
('20000000-0001-4000-8000-000000000005', '10000000-0001-4000-8000-000000000001', 'A301', 'DORMITORY', 3, false, false),
('20000000-0002-4000-8000-000000000001', '10000000-0001-4000-8000-000000000002', 'B101', 'TRIPLE', 1, false, false),
('20000000-0002-4000-8000-000000000002', '10000000-0001-4000-8000-000000000002', 'B102', 'DOUBLE', 1, false, true),
('20000000-0002-4000-8000-000000000003', '10000000-0001-4000-8000-000000000002', 'B201', 'DOUBLE', 2, true, true),
('20000000-0003-4000-8000-000000000001', '10000000-0001-4000-8000-000000000003', 'C101', 'DOUBLE', 1, true, true),
('20000000-0003-4000-8000-000000000002', '10000000-0001-4000-8000-000000000003', 'C102', 'SINGLE', 1, true, true),
('20000000-0003-4000-8000-000000000003', '10000000-0001-4000-8000-000000000003', 'C201', 'DOUBLE', 2, true, true),
('20000000-0003-4000-8000-000000000004', '10000000-0001-4000-8000-000000000003', 'C202', 'DOUBLE', 2, false, false),
('20000000-0004-4000-8000-000000000001', '10000000-0001-4000-8000-000000000004', 'D101', 'DOUBLE', 1, true, true),
('20000000-0004-4000-8000-000000000002', '10000000-0001-4000-8000-000000000004', 'D102', 'TRIPLE', 1, false, false),
('20000000-0004-4000-8000-000000000003', '10000000-0001-4000-8000-000000000004', 'D201', 'DOUBLE', 2, true, true),
('20000000-0005-4000-8000-000000000001', '10000000-0001-4000-8000-000000000005', 'E101', 'DORMITORY', 1, false, false),
('20000000-0005-4000-8000-000000000002', '10000000-0001-4000-8000-000000000005', 'E102', 'TRIPLE', 1, false, false),
('20000000-0006-4000-8000-000000000001', '10000000-0001-4000-8000-000000000006', 'F101', 'SINGLE', 1, true, true),
('20000000-0006-4000-8000-000000000002', '10000000-0001-4000-8000-000000000006', 'F102', 'SINGLE', 1, true, true),
('20000000-0006-4000-8000-000000000003', '10000000-0001-4000-8000-000000000006', 'F201', 'DOUBLE', 2, true, true),
('20000000-0006-4000-8000-000000000004', '10000000-0001-4000-8000-000000000006', 'F202', 'DOUBLE', 2, true, true),
('20000000-0006-4000-8000-000000000005', '10000000-0001-4000-8000-000000000006', 'F301', 'DORMITORY', 3, false, false);

-- Beds
INSERT INTO beds (id, room_id, bed_number, status, price) VALUES
('30000000-0001-4000-8000-000000000001', '20000000-0001-4000-8000-000000000001', 1, 'OCCUPIED', 12000),
('30000000-0001-4000-8000-000000000002', '20000000-0001-4000-8000-000000000001', 2, 'AVAILABLE', 12000),
('30000000-0001-4000-8000-000000000003', '20000000-0001-4000-8000-000000000002', 1, 'AVAILABLE', 12000),
('30000000-0001-4000-8000-000000000004', '20000000-0001-4000-8000-000000000002', 2, 'OCCUPIED', 12000),
('30000000-0001-4000-8000-000000000005', '20000000-0001-4000-8000-000000000003', 1, 'OCCUPIED', 10000),
('30000000-0001-4000-8000-000000000006', '20000000-0001-4000-8000-000000000003', 2, 'OCCUPIED', 10000),
('30000000-0001-4000-8000-000000000007', '20000000-0001-4000-8000-000000000003', 3, 'AVAILABLE', 10000),
('30000000-0001-4000-8000-000000000008', '20000000-0001-4000-8000-000000000004', 1, 'OCCUPIED', 15000),
('30000000-0001-4000-8000-000000000009', '20000000-0001-4000-8000-000000000005', 1, 'OCCUPIED', 7000),
('30000000-0001-4000-8000-000000000010', '20000000-0001-4000-8000-000000000005', 2, 'AVAILABLE', 7000),
('30000000-0001-4000-8000-000000000011', '20000000-0001-4000-8000-000000000005', 3, 'OCCUPIED', 7000),
('30000000-0001-4000-8000-000000000012', '20000000-0001-4000-8000-000000000005', 4, 'AVAILABLE', 7000),
('30000000-0001-4000-8000-000000000013', '20000000-0001-4000-8000-000000000005', 5, 'OCCUPIED', 7000),
('30000000-0001-4000-8000-000000000014', '20000000-0001-4000-8000-000000000005', 6, 'AVAILABLE', 7000),
('30000000-0002-4000-8000-000000000001', '20000000-0002-4000-8000-000000000001', 1, 'OCCUPIED', 8500),
('30000000-0002-4000-8000-000000000002', '20000000-0002-4000-8000-000000000001', 2, 'AVAILABLE', 8500),
('30000000-0002-4000-8000-000000000003', '20000000-0002-4000-8000-000000000001', 3, 'OCCUPIED', 8500),
('30000000-0002-4000-8000-000000000004', '20000000-0002-4000-8000-000000000002', 1, 'AVAILABLE', 9000),
('30000000-0002-4000-8000-000000000005', '20000000-0002-4000-8000-000000000002', 2, 'OCCUPIED', 9000),
('30000000-0002-4000-8000-000000000006', '20000000-0002-4000-8000-000000000003', 1, 'OCCUPIED', 10000),
('30000000-0002-4000-8000-000000000007', '20000000-0002-4000-8000-000000000003', 2, 'OCCUPIED', 10000),
('30000000-0003-4000-8000-000000000001', '20000000-0003-4000-8000-000000000001', 1, 'OCCUPIED', 14000),
('30000000-0003-4000-8000-000000000002', '20000000-0003-4000-8000-000000000001', 2, 'OCCUPIED', 14000),
('30000000-0003-4000-8000-000000000003', '20000000-0003-4000-8000-000000000002', 1, 'AVAILABLE', 16000),
('30000000-0003-4000-8000-000000000004', '20000000-0003-4000-8000-000000000003', 1, 'OCCUPIED', 14000),
('30000000-0003-4000-8000-000000000005', '20000000-0003-4000-8000-000000000003', 2, 'AVAILABLE', 14000),
('30000000-0003-4000-8000-000000000006', '20000000-0003-4000-8000-000000000004', 1, 'OCCUPIED', 12000),
('30000000-0003-4000-8000-000000000007', '20000000-0003-4000-8000-000000000004', 2, 'OCCUPIED', 12000),
('30000000-0004-4000-8000-000000000001', '20000000-0004-4000-8000-000000000001', 1, 'OCCUPIED', 11000),
('30000000-0004-4000-8000-000000000002', '20000000-0004-4000-8000-000000000001', 2, 'AVAILABLE', 11000),
('30000000-0004-4000-8000-000000000003', '20000000-0004-4000-8000-000000000002', 1, 'AVAILABLE', 10000),
('30000000-0004-4000-8000-000000000004', '20000000-0004-4000-8000-000000000002', 2, 'OCCUPIED', 10000),
('30000000-0004-4000-8000-000000000005', '20000000-0004-4000-8000-000000000002', 3, 'OCCUPIED', 10000),
('30000000-0004-4000-8000-000000000006', '20000000-0004-4000-8000-000000000003', 1, 'OCCUPIED', 12000),
('30000000-0004-4000-8000-000000000007', '20000000-0004-4000-8000-000000000003', 2, 'AVAILABLE', 12000),
('30000000-0005-4000-8000-000000000001', '20000000-0005-4000-8000-000000000001', 1, 'OCCUPIED', 6500),
('30000000-0005-4000-8000-000000000002', '20000000-0005-4000-8000-000000000001', 2, 'OCCUPIED', 6500),
('30000000-0005-4000-8000-000000000003', '20000000-0005-4000-8000-000000000001', 3, 'AVAILABLE', 6500),
('30000000-0005-4000-8000-000000000004', '20000000-0005-4000-8000-000000000001', 4, 'OCCUPIED', 6500),
('30000000-0005-4000-8000-000000000005', '20000000-0005-4000-8000-000000000001', 5, 'AVAILABLE', 6500),
('30000000-0005-4000-8000-000000000006', '20000000-0005-4000-8000-000000000001', 6, 'OCCUPIED', 6500),
('30000000-0005-4000-8000-000000000007', '20000000-0005-4000-8000-000000000002', 1, 'AVAILABLE', 7000),
('30000000-0005-4000-8000-000000000008', '20000000-0005-4000-8000-000000000002', 2, 'OCCUPIED', 7000),
('30000000-0005-4000-8000-000000000009', '20000000-0005-4000-8000-000000000002', 3, 'AVAILABLE', 7000),
('30000000-0006-4000-8000-000000000001', '20000000-0006-4000-8000-000000000001', 1, 'OCCUPIED', 15000),
('30000000-0006-4000-8000-000000000002', '20000000-0006-4000-8000-000000000002', 1, 'OCCUPIED', 15000),
('30000000-0006-4000-8000-000000000003', '20000000-0006-4000-8000-000000000003', 1, 'AVAILABLE', 16000),
('30000000-0006-4000-8000-000000000004', '20000000-0006-4000-8000-000000000003', 2, 'OCCUPIED', 16000),
('30000000-0006-4000-8000-000000000005', '20000000-0006-4000-8000-000000000004', 1, 'OCCUPIED', 16000),
('30000000-0006-4000-8000-000000000006', '20000000-0006-4000-8000-000000000004', 2, 'OCCUPIED', 16000),
('30000000-0006-4000-8000-000000000007', '20000000-0006-4000-8000-000000000005', 1, 'AVAILABLE', 10000),
('30000000-0006-4000-8000-000000000008', '20000000-0006-4000-8000-000000000005', 2, 'OCCUPIED', 10000),
('30000000-0006-4000-8000-000000000009', '20000000-0006-4000-8000-000000000005', 3, 'OCCUPIED', 10000),
('30000000-0006-4000-8000-000000000010', '20000000-0006-4000-8000-000000000005', 4, 'AVAILABLE', 10000),
('30000000-0006-4000-8000-000000000011', '20000000-0006-4000-8000-000000000005', 5, 'OCCUPIED', 10000),
('30000000-0006-4000-8000-000000000012', '20000000-0006-4000-8000-000000000005', 6, 'AVAILABLE', 10000);

-- Bookings
INSERT INTO bookings (id, user_id, pg_id, bed_id, check_in_date, status, advance_paid) VALUES
('40000000-0001-4000-8000-000000000001', '00000000-0002-4000-8000-000000000001', '10000000-0001-4000-8000-000000000001', '30000000-0001-4000-8000-000000000001', '2025-01-15', 'ACTIVE', 12000),
('40000000-0001-4000-8000-000000000002', '00000000-0002-4000-8000-000000000002', '10000000-0001-4000-8000-000000000003', '30000000-0003-4000-8000-000000000001', '2025-02-01', 'ACTIVE', 14000),
('40000000-0001-4000-8000-000000000003', '00000000-0002-4000-8000-000000000003', '10000000-0001-4000-8000-000000000002', '30000000-0002-4000-8000-000000000001', '2025-01-20', 'ACTIVE', 8500),
('40000000-0001-4000-8000-000000000004', '00000000-0002-4000-8000-000000000004', '10000000-0001-4000-8000-000000000003', '30000000-0003-4000-8000-000000000002', '2025-03-01', 'ACTIVE', 14000),
('40000000-0001-4000-8000-000000000005', '00000000-0002-4000-8000-000000000005', '10000000-0001-4000-8000-000000000004', '30000000-0004-4000-8000-000000000004', '2025-02-15', 'ACTIVE', 11000),
('40000000-0001-4000-8000-000000000006', '00000000-0002-4000-8000-000000000006', '10000000-0001-4000-8000-000000000003', '30000000-0003-4000-8000-000000000006', '2025-04-01', 'ACTIVE', 14000);

-- Payments
INSERT INTO payments (id, user_id, pg_id, booking_id, amount, type, status, due_date, paid_date, method) VALUES
('50000000-0001-4000-8000-000000000001', '00000000-0002-4000-8000-000000000001', '10000000-0001-4000-8000-000000000001', '40000000-0001-4000-8000-000000000001', 12000, 'RENT', 'COMPLETED', '2025-01-01', '2025-01-02', 'UPI'),
('50000000-0001-4000-8000-000000000002', '00000000-0002-4000-8000-000000000001', '10000000-0001-4000-8000-000000000001', '40000000-0001-4000-8000-000000000001', 12000, 'RENT', 'COMPLETED', '2025-02-01', '2025-02-03', 'CARD'),
('50000000-0001-4000-8000-000000000003', '00000000-0002-4000-8000-000000000001', '10000000-0001-4000-8000-000000000001', '40000000-0001-4000-8000-000000000001', 12000, 'RENT', 'COMPLETED', '2025-03-01', '2025-03-02', 'UPI'),
('50000000-0001-4000-8000-000000000004', '00000000-0002-4000-8000-000000000001', '10000000-0001-4000-8000-000000000001', '40000000-0001-4000-8000-000000000001', 12000, 'RENT', 'COMPLETED', '2025-04-01', '2025-04-01', 'NET_BANKING'),
('50000000-0001-4000-8000-000000000005', '00000000-0002-4000-8000-000000000001', '10000000-0001-4000-8000-000000000001', '40000000-0001-4000-8000-000000000001', 12000, 'RENT', 'COMPLETED', '2025-05-01', '2025-05-03', 'UPI'),
('50000000-0001-4000-8000-000000000006', '00000000-0002-4000-8000-000000000001', '10000000-0001-4000-8000-000000000001', '40000000-0001-4000-8000-000000000001', 12000, 'RENT', 'PENDING', '2025-06-01', NULL, NULL),
('50000000-0002-4000-8000-000000000001', '00000000-0002-4000-8000-000000000002', '10000000-0001-4000-8000-000000000003', '40000000-0001-4000-8000-000000000002', 14000, 'RENT', 'COMPLETED', '2025-02-01', '2025-02-01', 'UPI'),
('50000000-0002-4000-8000-000000000002', '00000000-0002-4000-8000-000000000002', '10000000-0001-4000-8000-000000000003', '40000000-0001-4000-8000-000000000002', 14000, 'RENT', 'COMPLETED', '2025-03-01', '2025-03-02', 'CASH'),
('50000000-0002-4000-8000-000000000003', '00000000-0002-4000-8000-000000000002', '10000000-0001-4000-8000-000000000003', '40000000-0001-4000-8000-000000000002', 14000, 'RENT', 'COMPLETED', '2025-04-01', '2025-04-01', 'UPI'),
('50000000-0002-4000-8000-000000000004', '00000000-0002-4000-8000-000000000002', '10000000-0001-4000-8000-000000000003', '40000000-0001-4000-8000-000000000002', 14000, 'RENT', 'COMPLETED', '2025-05-01', '2025-05-02', 'UPI'),
('50000000-0002-4000-8000-000000000005', '00000000-0002-4000-8000-000000000002', '10000000-0001-4000-8000-000000000003', '40000000-0001-4000-8000-000000000002', 14000, 'RENT', 'PENDING', '2025-06-01', NULL, NULL),
('50000000-0003-4000-8000-000000000001', '00000000-0002-4000-8000-000000000003', '10000000-0001-4000-8000-000000000002', '40000000-0001-4000-8000-000000000003', 8500, 'RENT', 'COMPLETED', '2025-01-01', '2025-01-03', 'UPI'),
('50000000-0003-4000-8000-000000000002', '00000000-0002-4000-8000-000000000003', '10000000-0001-4000-8000-000000000002', '40000000-0001-4000-8000-000000000003', 8500, 'RENT', 'COMPLETED', '2025-02-01', '2025-02-02', 'CARD'),
('50000000-0003-4000-8000-000000000003', '00000000-0002-4000-8000-000000000003', '10000000-0001-4000-8000-000000000002', '40000000-0001-4000-8000-000000000003', 8500, 'RENT', 'COMPLETED', '2025-03-01', '2025-03-01', 'UPI'),
('50000000-0003-4000-8000-000000000004', '00000000-0002-4000-8000-000000000003', '10000000-0001-4000-8000-000000000002', '40000000-0001-4000-8000-000000000003', 8500, 'RENT', 'COMPLETED', '2025-04-01', '2025-04-03', 'CASH'),
('50000000-0003-4000-8000-000000000005', '00000000-0002-4000-8000-000000000003', '10000000-0001-4000-8000-000000000002', '40000000-0001-4000-8000-000000000003', 8500, 'RENT', 'COMPLETED', '2025-05-01', '2025-05-02', 'UPI'),
('50000000-0003-4000-8000-000000000006', '00000000-0002-4000-8000-000000000003', '10000000-0001-4000-8000-000000000002', '40000000-0001-4000-8000-000000000003', 8500, 'RENT', 'PENDING', '2025-06-01', NULL, NULL),
('50000000-0004-4000-8000-000000000001', '00000000-0002-4000-8000-000000000004', '10000000-0001-4000-8000-000000000003', '40000000-0001-4000-8000-000000000004', 14000, 'RENT', 'COMPLETED', '2025-03-01', '2025-03-02', 'UPI'),
('50000000-0004-4000-8000-000000000002', '00000000-0002-4000-8000-000000000004', '10000000-0001-4000-8000-000000000003', '40000000-0001-4000-8000-000000000004', 14000, 'RENT', 'COMPLETED', '2025-04-01', '2025-04-01', 'UPI'),
('50000000-0004-4000-8000-000000000003', '00000000-0002-4000-8000-000000000004', '10000000-0001-4000-8000-000000000003', '40000000-0001-4000-8000-000000000004', 14000, 'RENT', 'COMPLETED', '2025-05-01', '2025-05-03', 'CARD'),
('50000000-0004-4000-8000-000000000004', '00000000-0002-4000-8000-000000000004', '10000000-0001-4000-8000-000000000003', '40000000-0001-4000-8000-000000000004', 14000, 'RENT', 'PENDING', '2025-06-01', NULL, NULL),
('50000000-0005-4000-8000-000000000001', '00000000-0002-4000-8000-000000000005', '10000000-0001-4000-8000-000000000004', '40000000-0001-4000-8000-000000000005', 11000, 'RENT', 'COMPLETED', '2025-02-01', '2025-02-02', 'UPI'),
('50000000-0005-4000-8000-000000000002', '00000000-0002-4000-8000-000000000005', '10000000-0001-4000-8000-000000000004', '40000000-0001-4000-8000-000000000005', 11000, 'RENT', 'COMPLETED', '2025-03-01', '2025-03-03', 'UPI'),
('50000000-0005-4000-8000-000000000003', '00000000-0002-4000-8000-000000000005', '10000000-0001-4000-8000-000000000004', '40000000-0001-4000-8000-000000000005', 11000, 'RENT', 'COMPLETED', '2025-04-01', '2025-04-02', 'NET_BANKING'),
('50000000-0005-4000-8000-000000000004', '00000000-0002-4000-8000-000000000005', '10000000-0001-4000-8000-000000000004', '40000000-0001-4000-8000-000000000005', 11000, 'RENT', 'COMPLETED', '2025-05-01', '2025-05-01', 'UPI'),
('50000000-0005-4000-8000-000000000005', '00000000-0002-4000-8000-000000000005', '10000000-0001-4000-8000-000000000004', '40000000-0001-4000-8000-000000000005', 11000, 'RENT', 'PENDING', '2025-06-01', NULL, NULL),
('50000000-0006-4000-8000-000000000001', '00000000-0002-4000-8000-000000000006', '10000000-0001-4000-8000-000000000003', '40000000-0001-4000-8000-000000000006', 14000, 'RENT', 'COMPLETED', '2025-04-01', '2025-04-02', 'UPI'),
('50000000-0006-4000-8000-000000000002', '00000000-0002-4000-8000-000000000006', '10000000-0001-4000-8000-000000000003', '40000000-0001-4000-8000-000000000006', 14000, 'RENT', 'COMPLETED', '2025-05-01', '2025-05-03', 'UPI'),
('50000000-0006-4000-8000-000000000003', '00000000-0002-4000-8000-000000000006', '10000000-0001-4000-8000-000000000003', '40000000-0001-4000-8000-000000000006', 14000, 'RENT', 'PENDING', '2025-06-01', NULL, NULL);

-- Complaints
INSERT INTO complaints (id, user_id, pg_id, title, description, category, priority, status, assigned_to, resolution) VALUES
('60000000-0001-4000-8000-000000000001', '00000000-0002-4000-8000-000000000001', '10000000-0001-4000-8000-000000000001', 'WiFi not working in Room A101', 'WiFi has been down for 2 days.', 'MAINTENANCE', 'HIGH', 'IN_PROGRESS', 'Arjun', NULL),
('60000000-0001-4000-8000-000000000002', '00000000-0002-4000-8000-000000000002', '10000000-0001-4000-8000-000000000003', 'Water heater not functioning', 'Water heater stopped working since last week.', 'MAINTENANCE', 'MEDIUM', 'OPEN', NULL, NULL),
('60000000-0001-4000-8000-000000000003', '00000000-0002-4000-8000-000000000003', '10000000-0001-4000-8000-000000000002', 'Excessive noise from construction', 'Construction noise from 7 AM to 10 PM daily.', 'NOISE', 'LOW', 'OPEN', NULL, NULL),
('60000000-0001-4000-8000-000000000004', '00000000-0002-4000-8000-000000000004', '10000000-0001-4000-8000-000000000003', 'Common bathroom cleanliness issue', 'Bathroom not being cleaned properly.', 'CLEANLINESS', 'MEDIUM', 'RESOLVED', 'Lakshmi', 'Cleaning schedule updated.'),
('60000000-0001-4000-8000-000000000005', '00000000-0002-4000-8000-000000000005', '10000000-0001-4000-8000-000000000004', 'AC remote missing', 'AC remote in Room D102 is missing.', 'MAINTENANCE', 'LOW', 'RESOLVED', 'Arjun', 'Replacement remote provided.'),
('60000000-0001-4000-8000-000000000006', '00000000-0002-4000-8000-000000000006', '10000000-0001-4000-8000-000000000003', 'Security gate malfunction', 'Main gate electronic lock not working.', 'SAFETY', 'URGENT', 'IN_PROGRESS', 'Ramesh', 'Technician called.');

-- Vendors
INSERT INTO vendors (id, name, type, phone, email, city, area, rating, status) VALUES
('70000000-0001-4000-8000-000000000001', 'QuickFix Plumbing', 'PLUMBER', '+919876540001', 'quickfix@email.com', 'Bangalore', 'Koramangala', 4.2, 'ACTIVE'),
('70000000-0001-4000-8000-000000000002', 'Spark Electric', 'ELECTRICIAN', '+919876540002', 'spark@email.com', 'Bangalore', 'HSR Layout', 4.5, 'ACTIVE'),
('70000000-0001-4000-8000-000000000003', 'CleanPro Services', 'CLEANER', '+919876540003', NULL, 'Bangalore', 'Indiranagar', 4.0, 'ACTIVE'),
('70000000-0001-4000-8000-000000000004', 'Fresh Paint Co', 'PAINTER', '+919876540004', 'freshpaint@email.com', 'Bangalore', 'Whitefield', 3.8, 'ACTIVE'),
('70000000-0001-4000-8000-000000000005', 'WoodCraft Works', 'CARPENTER', '+919876540005', NULL, 'Bangalore', 'Marathahalli', 4.3, 'ACTIVE'),
('70000000-0001-4000-8000-000000000006', 'NetConnect WiFi', 'WIFI', '+919876540006', 'netconnect@email.com', 'Bangalore', 'Electronic City', 4.6, 'ACTIVE'),
('70000000-0001-4000-8000-000000000007', 'Mr. Right Services', 'GENERAL', '+919876540007', NULL, 'Bangalore', 'JP Nagar', 3.9, 'ACTIVE'),
('70000000-0001-4000-8000-000000000008', 'PowerGrid Electric', 'ELECTRICIAN', '+919876540008', 'powergrid@email.com', 'Bangalore', 'BTM Layout', 4.1, 'ACTIVE');

-- Workers
INSERT INTO workers (id, name, role, phone, pg_id, shift, status) VALUES
('80000000-0001-4000-8000-000000000001', 'Ramesh', 'SECURITY', '+919876550001', '10000000-0001-4000-8000-000000000001', 'NIGHT', 'ACTIVE'),
('80000000-0001-4000-8000-000000000002', 'Geeta', 'CLEANER', '+919876550002', '10000000-0001-4000-8000-000000000001', 'MORNING', 'ACTIVE'),
('80000000-0001-4000-8000-000000000003', 'Suresh', 'COOK', '+919876550003', '10000000-0001-4000-8000-000000000002', 'MORNING', 'ACTIVE'),
('80000000-0001-4000-8000-000000000004', 'Lakshmi', 'CLEANER', '+919876550004', '10000000-0001-4000-8000-000000000003', 'EVENING', 'ACTIVE'),
('80000000-0001-4000-8000-000000000005', 'Mohan', 'MANAGER', '+919876550005', '10000000-0001-4000-8000-000000000001', 'MORNING', 'ACTIVE'),
('80000000-0001-4000-8000-000000000006', 'Kavitha', 'COOK', '+919876550006', '10000000-0001-4000-8000-000000000004', 'EVENING', 'ACTIVE'),
('80000000-0001-4000-8000-000000000007', 'Arjun', 'MAINTENANCE', '+919876550007', '10000000-0001-4000-8000-000000000006', 'MORNING', 'ACTIVE'),
('80000000-0001-4000-8000-000000000008', 'Deepa', 'CLEANER', '+919876550008', '10000000-0001-4000-8000-000000000005', 'MORNING', 'ACTIVE');

-- Activity Log
INSERT INTO activity_log (owner_id, pg_id, action, details, entity_type) VALUES
('00000000-0001-4000-8000-000000000001', '10000000-0001-4000-8000-000000000001', 'Created PG', 'Sunrise PG registered on platform', 'pg'),
('00000000-0001-4000-8000-000000000001', '10000000-0001-4000-8000-000000000001', 'New Booking', 'Vikram Singh booked bed in A101', 'booking'),
('00000000-0001-4000-8000-000000000001', '10000000-0001-4000-8000-000000000001', 'Rent Collected', 'Monthly rent collected from Vikram Singh', 'payment'),
('00000000-0001-4000-8000-000000000002', '10000000-0001-4000-8000-000000000003', 'Complaint Resolved', 'Bathroom cleanliness issue resolved', 'complaint'),
('00000000-0001-4000-8000-000000000002', '10000000-0001-4000-8000-000000000003', 'New Tenant', 'Ananya Reddy moved into C101', 'booking'),
('00000000-0001-4000-8000-000000000003', '10000000-0001-4000-8000-000000000006', 'PG Approved', 'Royal Residency PG approved and verified', 'pg');

-- Done!
SELECT 'Database setup completed successfully!' as status;
